지역,동,종류,이름
서울 노원구,상계동,유치원,서울노일유치원
서울 노원구,상계동,유치원,서울상계초등학교병설유치원
서울 노원구,상계동,유치원,서울계상초등학교병설유치원
서울 노원구,상계동,유치원,성희유치원
서울 노원구,중계동,유치원,고운유치원
서울 노원구,중계동,유치원,까치유치원
서울 노원구,중계동,유치원,서울수암초등학교병설유치원
서울 노원구,중계동,유치원,서울용동초등학교병설유치원
서울 노원구,중계동,유치원,연세유치원
서울 노원구,중계동,유치원,우리유치원
서울 노원구,중계동,유치원,원암유치원
서울 노원구,중계동,유치원,효천유치원
서울 노원구,중계동,어학원,청담어학원
서울 노원구,중계동,어학원,토피아중등부학원
서울 노원구,중계동,어학원,LSC영어학원
서울 노원구,,유치원,키즈위즈유치원
서울 노원구,,유치원,공릉 사라유치원
서울 노원구,,유치원,상원유치원
서울 노원구,,유치원,서울수락초등학교병설유치원
서울 노원구,,유치원,육사유치원
서울 노원구,,유치원,온누리유치원
서울 노원구,,유치원,꽃동산유치원
서울 노원구,,유치원,학여울유치원
서울 은평구,,유치원,다우림유치원
서울 은평구,,유치원,서울연광초등학교병설유치원
서울 은평구,,유치원,성아유치원
서울 은평구,,유치원,성균관유치원
서울 은평구,,유치원,동산유치원
서울 은평구,,유치원,서울신도초등학교병설유치원
서울 은평구,,유치원,서울진관유치원
서울 은평구,,유치원,서울은빛유치원
서울 은평구,,유치원,선일유치원
서울 은평구,,유치원,색동유치원
서울 성북구,,유치원,개동유치원
서울 성북구,,유치원,영광유치원
서울 성북구,,유치원,은영유치원
서울 성북구,,유치원,두산효자유치원
서울 성북구,,유치원,새싹유치원
서울 성북구,,유치원,영암유치원
서울 성북구,,유치원,성신유치원
서울 성북구,,유치원,서울장곡초등학교병설유치원
서울 성북구,,유치원,선한유치원
서울 성북구,,유치원,사랑유치원
대구 북구,,유치원,운암유치원
대구 북구,,유치원,연세유치원
대구 북구,,유치원,청보리숲유치원
대구 북구,,유치원,샛별유치원
대구 북구,,유치원,영진전문대학교부설유치원
대구 북구,,유치원,예일유치원
대구 북구,,유치원,한림유치원
대구 북구,,유치원,채송화유치원
대구 북구,,유치원,대구태암초등학교병설유치원
대구 북구,,유치원,환타랜드숲유치원
인천 남동구,,유치원,인천장아초등학교병설유치원
인천 남동구,,유치원,푸른마을유치원
인천 남동구,,유치원,인천남촌초등학교병설유치원
인천 남동구,,유치원,논현유치원
인천 남동구,,유치원,인천동부초등학교병설유치원
인천 남동구,,유치원,인천서창초등학교병설유치원
인천 남동구,,유치원,동심유치원
인천 남동구,,유치원,인천한빛초등학교병설유치원
인천 남동구,,유치원,기암유치원
인천 남동구,,유치원,해돋이유치원
경기 남양주,,유치원,하랑초등학교병설유치원
경기 남양주,,유치원,다산별빛초등학교병설유치원
경기 남양주,,유치원,남양주송라초등학교병설유치원
경기 남양주,,유치원,진접초등학교병설유치원
경기 남양주,,유치원,하영유치원
경기 남양주,,유치원,남양주별빛유치원
경기 남양주,,유치원,서원유치원
경기 남양주,,유치원,샛별유치원
경기 남양주,,유치원,노엘유치원
경기 남양주,,유치원,도농초등학교병설유치원
서울 노원구,중계동,어학원,학림학원
서울 노원구,중계동,어학원,중계DYB최선어학원
서울 노원구,중계동,어학원,중계세일입시학원
서울 노원구,상계동,어학원,강북메가스터디학원
서울 노원구,중계동,어학원,러셀중계학원
서울 노원구,중계동,어학원,승리어학원
서울 노원구,중계동,어학원,중계이바인어학원
서울 노원구,중계동,어학원,명인학원
서울 노원구,중계동,어학원,중계청담에이프릴어학원
서울 노원구,하계동,어학원,중계1관정상어학원
서울 노원구,중계동,어학원,국풍2000중계1관학원
서울 노원구,중계동,어학원,중계표현1관어학원
서울 노원구,월계동,어학원,채움학원
서울 노원구,공릉동,어학원,I-PMP학원
서울 노원구,중계동,어학원,중계에이닷영어학원
서울 노원구,중계동,어학원,강북청솔학원
서울 노원구,중계동,어학원,중계심슨어학원
서울 노원구,상계동,어학원,챌린지에듀어학원
서울 노원구,상계동,어학원,최고수보습학원
서울 노원구,상계동,어학원,아라해법학원
서울 노원구,상계동,어학원,청우어학원
서울 노원구,중계동,어학원,올웨이즈학원
서울 노원구,중계동,어학원,에듀플렉스에듀코치개별지도중계학원
서울 노원구,하계동,어학원,석선생영어전문보습학원
서울 노원구,중계동,어학원,학림제3학원
서울 노원구,중계동,어학원,중계지앤비(GnB)학원
서울 노원구,공릉동,어학원,눈높이러닝센터공릉학원
서울 노원구,공릉동,어학원,어썸잉글리쉬학원
서울 노원구,중계동,어학원,아발론랭콘중계어학원
서울 노원구,상계동,어학원,21세기연세단과전문학원
서울 노원구,상계동,어학원,이아이이(EiE)노원상계어학원
서울 노원구,중계동,어학원,TOPIAEnglishZone어학학원
서울 노원구,중계동,어학원,올바른학원
서울 노원구,하계동,어학원,중계폴리어학원
서울 노원구,중계동,어학원,클링투영어보습학원
서울 노원구,상계동,어학원,웅진씽크빅학습센터상계학원
서울 노원구,상계동,어학원,한솔영재학원
서울 노원구,월계동,어학원,튼튼영어마스터클럽월계3동학원
서울 노원구,상계동,어학원,캠브리지학원
서울 노원구,중계동,어학원,이진수영어교습소
서울 노원구,중계동,어학원,탑플레이스비알(BR)영어교습소
서울 노원구,하계동,어학원,혜성코멧학원
서울 노원구,상계동,어학원,최고수챌린지에듀학원
서울 노원구,중계동,어학원,눈높이러닝센터신중계학원
서울 노원구,중계동,어학원,토피아고등부학원
서울 노원구,상계동,어학원,눈높이러닝센터상계학원
서울 노원구,상계동,어학원,마이다스학원
서울 노원구,하계동,어학원,빵샘영어경영학원
서울 노원구,중계동,어학원,더블유에스(WS)적중학원
서울 노원구,상계동,어학원,고려e학원
서울 노원구,월계동,어학원,티앤씨학원
서울 노원구,하계동,어학원,한샘영재보습학원
서울 노원구,하계동,어학원,탑플러스영어수학전문학원
서울 노원구,중계동,어학원,중계탑클래스학원
서울 성북구,돈암동,어학원,강북세일학원
서울 성북구,하월곡동,어학원,이상숙어학원
서울 성북구,동소문동6가,어학원,성북메가스터디학원
서울 성북구,길음동,어학원,성북정상어학원
서울 성북구,돈암동,어학원,하이스트미래탐구학원
서울 성북구,종암동,어학원,킴스잉글리시영어학원
서울 성북구,동소문동3가,어학원,대치명인학원
서울 성북구,돈암동,어학원,미래탐구성북학원
서울 성북구,길음동,어학원,엔콕(N.COC)학원
서울 성북구,돈암동,어학원,리드101돈암영어학원
서울 성북구,동소문동4가,어학원,페르마학원
서울 성북구,동소문동4가,어학원,서강SLP성북어학원
서울 성북구,동선동5가,어학원,성북학림학원
서울 성북구,삼선동3가,어학원,강북연솔학원
서울 성북구,동소문동4가,어학원,성북폴리어학원
서울 성북구,길음동,어학원,최종호어학원
서울 성북구,길음동,어학원,성북종로학원
서울 성북구,길음동,어학원,눈높이러닝센터길음학원
서울 성북구,돈암동,어학원,길음이바인어학원
서울 성북구,돈암동,어학원,아발론랭콘성북어학원
서울 성북구,동소문동3가,어학원,압구정정보강북영어학원
서울 성북구,정릉동,어학원,지대로수학영어학원
서울 성북구,동소문동3가,어학원,홍기정학원
서울 성북구,장위동,어학원,눈높이러닝센터장위학원
서울 성북구,정릉동,어학원,멜리사영어전문학원
서울 성북구,보문동2가,어학원,서일보문학원
서울 성북구,정릉동,어학원,디엔에이(DNA)영어학원
서울 성북구,동소문동6가,어학원,대치에스학원
서울 성북구,길음동,어학원,미래탐구성북제3학원
서울 성북구,정릉동,어학원,윤선생IGSE길음뉴타운학원
서울 성북구,종암동,어학원,맥(MaC)잉글리시학원
서울 성북구,길음동,어학원,상승곡선학원
서울 성북구,종암동,어학원,이보영의토킹클럽성북종암학원
서울 성북구,정릉동,어학원,튼튼영어마스터클럽성북정릉4동학원
서울 성북구,동소문동4가,어학원,고려클리닉영어학원
서울 성북구,하월곡동,어학원,눈높이러닝센터월곡학원
서울 성북구,종암동,어학원,뮤엠영어학원
서울 성북구,석관동,어학원,ECC석계어학학원
서울 은평구,응암동,어학원,명성학원
서울 은평구,녹번동,어학원,서부명성학원
서울 은평구,응암동,어학원,남궁정민학원
서울 은평구,갈현동,어학원,주소연어학원
서울 은평구,갈현동,어학원,은평정상어학원
서울 은평구,응암동,어학원,은평서부명성학원
서울 은평구,진관동,어학원,청담어학원은평제2학원
서울 은평구,갈현동,어학원,메가멘토스학원
서울 은평구,갈현동,어학원,베이스캠프학원
서울 은평구,녹번동,어학원,서일녹번영어교습소
서울 은평구,갈현동,어학원,서강에스엘피은평어학학원
서울 은평구,진관동,어학원,은평지1230학원
서울 은평구,역촌동,어학원,이엔엠영수전문학원
서울 은평구,진관동,어학원,웨스턴영어학원
서울 은평구,응암동,어학원,2관이진주영어학원
서울 은평구,진관동,어학원,펠톤학원
서울 은평구,진관동,어학원,로뎀영어학원
서울 은평구,신사동,어학원,이주화어학원
서울 은평구,갈현동,어학원,제이린영어학원
서울 은평구,신사동,어학원,리더스학원
서울 은평구,구산동,어학원,연세학원
서울 은평구,불광동,어학원,종로학원하늘교육은평뉴타운학원
서울 은평구,갈현동,어학원,증산캠퍼스이주화어학원
서울 은평구,녹번동,어학원,은평청담어학원
서울 은평구,갈현동,어학원,벨영어학원
서울 은평구,녹번동,어학원,제시카스쿨영어전문학원
서울 은평구,갈현동,어학원,초이영어교습소
서울 은평구,응암동,어학원,주니어동시통역사양성소박정현어학원
서울 은평구,구산동,어학원,구산동뿌리학원
서울 은평구,응암동,어학원,진실한애플트리학원
서울 은평구,진관동,어학원,뉴젠영어학원
서울 은평구,대조동,어학원,해솔학원
서울 은평구,불광동,어학원,은평하이스트학원
서울 은평구,진관동,어학원,앤지스커티지영어학원
서울 은평구,갈현동,어학원,은평대치명인학원
서울 은평구,진관동,어학원,맵핑단과전문학원
서울 은평구,역촌동,어학원,지앤비영어학원
서울 은평구,응암동,어학원,은평하이클래스학원
대구 북구,침산동,어학원,외대어학원
대구 북구,침산동,어학원,강의하는아이들연세학원
대구 북구,동천동,어학원,대구칠곡에이닷영어학원
대구 북구,침산동,어학원,엘리트영재어학원
대구 북구,복현동,어학원,박찬영어교습소
대구 북구,침산동,어학원,트리풀국영수학원
대구 북구,동천동,어학원,생각학원
대구 북구,동천동,어학원,칠곡외대어학원
대구 북구,동천동,어학원,엔아이비외국어학원
대구 북구,침산동,어학원,손샘영어침산외국어학원
대구 북구,복현동,어학원,학문당입시학원
대구 북구,침산동,어학원,수과연입시학원
대구 북구,태전동,어학원,캐슬외국어학원
대구 북구,복현동,어학원,브릿지영어교습소
대구 북구,구암동,어학원,노마드영어전문학원
대구 북구,침산동,어학원,청담어학원
대구 북구,침산동,어학원,인재원입시관학원
대구 북구,동천동,어학원,눈높이러닝센터더동천학원
대구 북구,침산동,어학원,스캇영어학원
대구 북구,침산동,어학원,침산김샘입시학원
대구 북구,사수동,어학원,금호외대어학원
대구 북구,침산동,어학원,이아이이(EIE)강의하는아이들인재원학원
대구 북구,동천동,어학원,토스잉글리시칠곡어학원
대구 북구,동천동,어학원,ECC북대구학원
대구 북구,관음동,어학원,관음GnB영어전문학원
대구 북구,산격동,어학원,3030유쌤산격영어교습소
대구 북구,침산동,어학원,눈높이러닝센터침산학원
대구 북구,침산동,어학원,에이프릴어학원
대구 북구,복현동,어학원,더에스더잉글리쉬학원
대구 북구,연경동,어학원,컬럼비아영어학원
대구 북구,동천동,어학원,올리브영어학원
대구 북구,태전동,어학원,통문장영어학원
대구 북구,침산동,어학원,샤인미학원
대구 북구,산격동,어학원,탑쌤통학원
대구 북구,관음동,어학원,고려e스쿨명문학원
대구 북구,동천동,어학원,비전수학영어학원
대구 북구,복현동,어학원,리즈어학원
인천 남동구,간석동,어학원,밀턴영어학원
인천 남동구,구월동,어학원,인천남동정상어학원
인천 남동구,논현동,어학원,남다른영수학원
인천 남동구,서창동,어학원,미들하이이스턴영어서창센터학원
인천 남동구,논현동,어학원,G1230수학에스라이팅어학원
인천 남동구,논현동,어학원,논현지앤비어학원
인천 남동구,논현동,어학원,강태우어학원
인천 남동구,논현동,어학원,아발론논현어학원
인천 남동구,구월동,어학원,청담에이프릴어학원
인천 남동구,논현동,어학원,EIE고려대학교국제어학원영어교육프로그램논현학원
인천 남동구,구월동,어학원,유투엠구월학원
인천 남동구,간석동,어학원,밀턴학원
인천 남동구,구월동,어학원,구월정철어학원
인천 남동구,서창동,어학원,SNU프라임영어수학전문학원
인천 남동구,논현동,어학원,스테디어학원
인천 남동구,만수동,어학원,빅뱅영어(신관)학원
인천 남동구,만수동,어학원,미들하이이스턴학원
인천 남동구,만수동,어학원,빅뱅영어(본관)학원
인천 남동구,서창동,어학원,에스엔유(SNU)영어국어전문학원
인천 남동구,논현동,어학원,이존영어학원
인천 남동구,간석동,어학원,최강스카이(SKY)학원
인천 남동구,서창동,어학원,서창정철어학원
인천 남동구,구월동,어학원,변화와도전학원
인천 남동구,간석동,어학원,G1230간석캠퍼스고등학원
인천 남동구,만수동,어학원,서일에듀학원
인천 남동구,만수동,어학원,GGE영어수학만수제일학원
인천 남동구,논현동,어학원,눈높이러닝센터논현에코학원
인천 남동구,구월동,어학원,대영보습학원
인천 남동구,간석동,어학원,하린베스트학원
인천 남동구,논현동,어학원,인천논현학원
인천 남동구,남촌동,어학원,명문이룸학원
인천 남동구,서창동,어학원,MBA(엠비에이)수학영어학원
인천 남동구,논현동,어학원,인천논현에이닷영어학원
인천 남동구,만수동,어학원,에임하이어학원
인천 남동구,논현동,어학원,논현비욘드어학원
인천 남동구,구월동,어학원,겨자씨의꿈구월학원
인천 남동구,논현동,어학원,명품영수학원
