지역,검색어
강원 춘천,Chuncheon
경기 고양 덕양구,Deogyang-gu Goyang
경기 고양 일산동구,Ilsandong-gu Goyang
경기 고양 일산서구,Ilsanseo-gu Goyang
경기 구리,Guri Gyeonggi
경기 군포,Gunpo
경기 남양주,Namyangju
경기 동두천,Dongducheon
경기 부천 소사구,Sosa-gu Bucheon
경기 부천 오정구,Ojeong-gu Bucheon
경기 부천 원미구,Wonmi-gu Bucheon
경기 성남 분당구,Bundang-gu Seongnam
경기 성남 수정구,Sujeong-gu Seongnam
경기 성남 중원구,Jungwon-gu Seongnam
경기 수원 영통구,Yeongtong-gu Suwon
경기 수원 장안구,Jangan-gu Suwon
경기 수원 팔달구,Paldal-gu Suwon
경기 시흥,Siheung
경기 안양 동안구,Dongan-gu Anyang
경기 양주,Yangju Gyeonggi
경기 여주,Yeoju
경기 용인 기흥구,Giheung-gu Yongin
경기 용인 수지구,Suji-gu Yongin
경기 용인 처인구,Cheoin-gu Yongin
경기 의정부,Uijeongbu
경기 이천,Icheon Gyeonggi
경기 파주,Paju
경기 평택,Pyeongtaek
경기 하남,Hanam Gyeonggi
경기 화성,Hwaseong Gyeonggi
경남 거제,Geoje
경남 양산,Yangsan
경남 창원 의창구,Uichang-gu Changwon
경북 경산,Gyeongsan
경북 구미,Gumi
경북 김천,Gimcheon
광주 남구,Nam-gu Gwangju
광주 서구,Seo-gu Gwangju
대구 남구,Nam-gu Daegu
대구 달서구,Dalseo-gu
대구 동구,Dong-gu Daegu
대구 북구,Buk-gu Daegu
대구 서구,Seo-gu Daegu
대구 수성구,Suseong-gu
대구 중구,Jung-gu Daegu
대전 서구,Seo-gu Daejeon
대전 유성구,Yuseong-gu
부산 금정구,Geumjeong-gu
부산 남구,Nam-gu Busan
부산 동래구,Dongnae-gu
부산 부산진구,Busanjin-gu
부산 사상구,Sasang-gu
부산 사하구,Saha-gu
부산 서구,Seo-gu Busan
부산 수영구,Suyeong-gu
부산 연제구,Yeonje-gu
부산 중구,Jung-gu Busan
부산 해운대구,Haeundae-gu
서울 강남구,Gangnam-gu
서울 강동구,Gangdong-gu
서울 강북구,Gangbuk-gu
서울 강서구,Gangseo-gu Seoul
서울 구로구,Guro-gu
서울 노원구,Nowon-gu
서울 도봉구,Dobong-gu
서울 동대문구,Dongdaemun-gu
서울 동작구,Dongjak-gu
서울 마포구,Mapo-gu
서울 서대문구,Seodaemun-gu
서울 서초구,Seocho-gu
서울 성북구,Seongbuk-gu
서울 송파구,Songpa-gu
서울 양천구,Yangcheon-gu
서울 영등포구,Yeongdeungpo-gu
서울 은평구,Eunpyeong-gu
서울 종로구,Jongno-gu
서울 중구,Jung-gu Seoul
서울 중랑구,Jungnang-gu
울산 남구,Nam-gu Ulsan
울산 동구,Dong-gu Ulsan
울산 북구,Buk-gu Ulsan
울산 울주군,Ulju-gun
울산 중구,Jung-gu Ulsan
인천 검단구,Geomdan Incheon
인천 계양구,Gyeyang-gu
인천 남동구,Namdong-gu
인천 미추홀구,Michuhol-gu
인천 부평구,Bupyeong-gu
인천 서해구,Seo-gu Incheon
인천 연수구,Yeonsu-gu Incheon
전남 목포,Mokpo
전북 군산,Gunsan
전북 전주 덕진구,Deokjin-gu Jeonju
전북 전주 완산구,Wansan-gu Jeonju
충남 공주,Gongju
충남 아산,Asan Chungnam
충남 천안 동남구,Dongnam-gu Cheonan
충북 청주 상당구,Sangdang-gu Cheongju
충북 청주 서원구,Seowon-gu Cheongju
충북 청주 청원구,Cheongwon-gu Cheongju
충북 청주 흥덕구,Heungdeok-gu Cheongju
충북 충주,Chungju
